Trimer,A,C,G,T,Position
AAA,0.0,0.35943001544375,0.45634593148125,0.18422405308125,Center
AAC,0.0,0.2823130494,0.49210135208125005,0.2255855985125,Center
AAG,0.0,0.30877029881874996,0.45009978369375003,0.24112991748125,Center
AAT,0.0,0.29457358290625,0.4835863884625,0.22184002862499996,Center
ACA,0.25651391809375,0.0,0.30640597583125,0.437080106075,Center
ACC,0.24627437456875,0.0,0.26311472074375,0.49061090469375,Center
ACG,0.25763642749375004,0.0,0.24922213484375,0.49314143768124996,Center
ACT,0.157186264275,0.0,0.39038598155,0.45242775415,Center
AGA,0.4920391922875,0.33816770881875,0.0,0.16979309888750002,Center
AGC,0.5772960845749999,0.2570144518125,0.0,0.16568946361875,Center
AGG,0.540629022375,0.25303292764375,0.0,0.20633804998125,Center
AGT,0.4727606873875,0.3571097293125,0.0,0.1701295833125,Center
ATA,0.288738277825,0.4893520630625,0.22190965911875002,0.0,Center
ATC,0.1657472989875,0.55430151759375,0.2799511834125,0.0,Center
ATG,0.24021850215,0.473160331375,0.28662116648125,0.0,Center
ATT,0.13539777778125,0.6876076543125,0.1769945679,0.0,Center
CAA,0.0,0.36434802748749995,0.42311621080624995,0.2125357617,Center
CAC,0.0,0.2793162838375,0.44573665848125,0.2749470576875,Center
CAG,0.0,0.29256388716875004,0.44398277776874995,0.263453335075,Center
CAT,0.0,0.25105031504374997,0.45830561773125,0.29064406716875,Center
CCA,0.25911241328125,0.0,0.25194669154375,0.488940895175,Center
CCC,0.32798314191875,0.0,0.21659654691875,0.45542031121875004,Center
CCG,0.27568778841249997,0.0,0.2093716335375,0.5149405780812499,Center
CCT,0.17347853363750002,0.0,0.37512574723125,0.451395719125,Center
CGA,0.4176958210125,0.44879881880000005,0.0,0.1335053601375,Center
CGC,0.64227049536875,0.2120816792125,0.0,0.14564782541250001,Center
CGG,0.5127280102625,0.293970207875,0.0,0.1933017818625,Center
CGT,0.46824651291874997,0.3782441297625,0.0,0.153509357325,Center
CTA,0.275563412475,0.55240895805625,0.17202762948125,0.0,Center
CTC,0.11631161520625,0.65227744060625,0.23141094417500002,0.0,Center
CTG,0.2374784467,0.4858280332125,0.27669352009375003,0.0,Center
CTT,0.093410094125,0.82297626524375,0.08361364063125,0.0,Center
GAA,0.0,0.3747366306875,0.52178689065625,0.10347647865625,Center
GAC,0.0,0.30547641795,0.5845800422375,0.10994353981875,Center
GAG,0.0,0.3509808180625,0.5289171711125,0.12010201083125,Center
GAT,0.0,0.31139741938125,0.55584081584375,0.13276176485000002,Center
GCA,0.63498746695,0.0,0.18013959025624998,0.1848729427875,Center
GCC,0.21424261820625,0.0,0.25951260460000003,0.5262447771250001,Center
GCG,0.23014235414375,0.0,0.12301187274375,0.64684577310625,Center
GCT,0.15441873966874997,0.0,0.3638110481625,0.481770212175,Center
GGA,0.6310474307125,0.2563382107375,0.0,0.11261435847500001,Center
GGC,0.5748675320375001,0.27475401069375005,0.0,0.15037845726875,Center
GGG,0.67873379778125,0.14996447095,0.0,0.17130173126875,Center
GGT,0.54486146238125,0.3511831771375,0.0,0.10395536048125001,Center
GTA,0.32540741125625006,0.43766163141875,0.236930957325,0.0,Center
GTC,0.14739576860624998,0.5710883325625,0.2815158988375,0.0,Center
GTG,0.3239422465,0.42299314301249996,0.2530646105125,0.0,Center
GTT,0.2157574899875,0.5454833385875,0.23875917141874997,0.0,Center
TAA,0.0,0.25323689875,0.59364674566875,0.15311635557499997,Center
TAC,0.0,0.21749793251875,0.5066310674375001,0.2758710000375,Center
TAG,0.0,0.204589464025,0.514264133325,0.28114640265,Center
TAT,0.0,0.314952959425,0.3301028856375,0.3549441549375,Center
TCA,0.25707526115625,0.0,0.36113688090625,0.38178785793125,Center
TCC,0.23312933652499998,0.0,0.3721376471000001,0.394733016375,Center
TCG,0.15705741623749997,0.0,0.3169557416375,0.525986842125,Center
TCT,0.11501575525,0.0,0.4965207627875,0.38846348203125,Center
TGA,0.46743951019374996,0.32451124322499997,0.0,0.20804924657499999,Center
TGC,0.5936797064624999,0.25360460020000003,0.0,0.1527156933375,Center
TGG,0.567219962475,0.20775632650000003,0.0,0.22502371095625,Center
TGT,0.39734943745625,0.38497713955625,0.0,0.21767342298749998,Center
TTA,0.21092208303124999,0.51311143946875,0.27596647750625,0.0,Center
TTC,0.0965368764125,0.41703274248750005,0.48643038118125,0.0,Center
TTG,0.20343882371875,0.51065891905625,0.28590225716875006,0.0,Center
TTT,0.07442210175,0.6992519257437501,0.2263259725,0.0,Center
AAA,0.0,0.30521337404375004,0.5370003836625,0.15778624228125002,Start
AAC,0.0,0.31312186521875,0.49971835051249996,0.18715978428125002,Start
AAG,0.0,0.32970995973749995,0.50570218140625,0.16458785885,Start
AAT,0.0,0.40370637336875,0.45247486303125,0.14381876359999998,Start
ACA,0.0,0.2586712182375,0.529249569575,0.2120792121875,Start
ACC,0.0,0.2505415406375,0.50614361263125,0.24331484673124998,Start
ACG,0.0,0.29237050738750003,0.5036358886250001,0.20399360398125,Start
ACT,0.0,0.28302041744375,0.49002004940625005,0.22695953315625,Start
AGA,0.0,0.3111501100125,0.46803975868125,0.22081013130625,Start
AGC,0.0,0.2434059055,0.51880652586875,0.2377875686375,Start
AGG,0.0,0.31711776234375,0.49021411258750003,0.19266812507500003,Start
AGT,0.0,0.28523069021875,0.46020346876250007,0.25456584101875,Start
ATA,0.0,0.2984244529875,0.44069909147499997,0.26087645554375,Start
ATC,0.0,0.27093613465,0.46739533767499997,0.2616685277,Start
ATG,0.0,0.29081466688125,0.47124040851875,0.2379449245875,Start
ATT,0.0,0.3117990222375,0.44850087000624994,0.23970010775,Start
CAA,0.315538381225,0.0,0.36194146838749996,0.32252015039375004,Start
CAC,0.45032257749375,0.0,0.20275919595625003,0.34691822654374993,Start
CAG,0.31017955830625,0.0,0.26305073850625,0.42676970318124996,Start
CAT,0.33164854245625,0.0,0.2718777356875,0.39647372184999996,Start
CCA,0.23546599338125002,0.0,0.29383661913750003,0.4706973874875,Start
CCC,0.25502518403124996,0.0,0.29845937344374995,0.4465154425125,Start
CCG,0.243446131925,0.0,0.264797187075,0.491756681,Start
CCT,0.28769216188125,0.0,0.25426833970625,0.45803949841249997,Start
CGA,0.21249395039375002,0.0,0.2728250530875,0.5146809965375,Start
CGC,0.21302342274375,0.0,0.2414535845375,0.5455229927375,Start
CGG,0.26180667870624996,0.0,0.20387519563125,0.534318125675,Start
CGT,0.23319993444374998,0.0,0.18040754950625001,0.58639251604375,Start
CTA,0.1262321501875,0.0,0.41101647076875003,0.46275137906249997,Start
CTC,0.13006472339375,0.0,0.43196602857500005,0.43796924805625,Start
CTG,0.169658623325,0.0,0.37274275835,0.45759861832500004,Start
CTT,0.174143795925,0.0,0.4101182820375,0.41573792203750004,Start
GAA,0.502624429375,0.3138784606375,0.0,0.18349710995000001,Start
GAC,0.5080916342499999,0.33002874430624995,0.0,0.1618796214,Start
GAG,0.49215458129375,0.36871459325,0.0,0.13913082543125,Start
GAT,0.5053513092875,0.3551941833875,0.0,0.13945450729374997,Start
GCA,0.58021172598125,0.21850215886875002,0.0,0.20128611515,Start
GCC,0.6042531600500001,0.25535361563750003,0.0,0.1403932243125,Start
GCG,0.5768820096875,0.27894725653125,0.0,0.1441707337875,Start
GCT,0.6267669227249999,0.24465171088125,0.0,0.1285813663875,Start
GGA,0.59567571001875,0.2305865003875,0.0,0.17373778958125,Start
GGC,0.54558594880625,0.2292278320875,0.0,0.22518621908124997,Start
GGG,0.5892782526562499,0.21864401751875,0.0,0.19207772981875,Start
GGT,0.5687708814124999,0.226265582975,0.0,0.20496353558750002,Start
GTA,0.46812638790625,0.3625255870625,0.0,0.16934802501250001,Start
GTC,0.4695216006,0.378553972875,0.0,0.15192442654375002,Start
GTG,0.44667188636875,0.363373764225,0.0,0.18995434941875,Start
GTT,0.49889822526875005,0.36706085160625,0.0,0.13404092313125,Start
TAA,0.301500056625,0.45291949626875005,0.24558044713125005,0.0,Start
TAC,0.28859215540625,0.47952787130625,0.2318799733,0.0,Start
TAG,0.2483547246375,0.54116462655625,0.21048064880625,0.0,Start
TAT,0.26218424791875,0.518922097875,0.21889365419375,0.0,Start
TCA,0.1243514594625,0.538401151675,0.33724738888125,0.0,Start
TCC,0.13625553615,0.5821544487125,0.28159001515625004,0.0,Start
TCG,0.12257944315,0.5428264421812501,0.33459411468125,0.0,Start
TCT,0.14280512045,0.53131799068125,0.3258768888875,0.0,Start
TGA,0.26108867605,0.4634879837,0.27542334023750004,0.0,Start
TGC,0.23866351352499998,0.48061703558749996,0.28071945089375,0.0,Start
TGG,0.21492166220624997,0.46765227000000004,0.31742606778750004,0.0,Start
TGT,0.2904041672875,0.48088313736875,0.2287126953375,0.0,Start
TTA,0.151857688,0.6452755708187501,0.20286674118125,0.0,Start
TTC,0.09987839509374999,0.74491997809375,0.1552016268,0.0,Start
TTG,0.12640351694375,0.67248652786875,0.20110995518749997,0.0,Start
TTT,0.14084786360625,0.69263710710625,0.16651502928125,0.0,Start
AAA,0.0,0.27393655954999996,0.4560250053125,0.270038435125,End
AAC,0.2118224047375,0.0,0.29801651789375,0.49016107738125003,End
AAG,0.5418220395,0.2986343547125,0.0,0.15954360579375,End
AAT,0.22142222870625,0.5458158914062501,0.23276187990000002,0.0,End
ACA,0.0,0.2740468786625,0.44518133449999997,0.280771786825,End
ACC,0.22468902371875,0.0,0.2841573018375,0.491153674475,End
ACG,0.5236820644875,0.32208516450625,0.0,0.15423277100625,End
ACT,0.1830756941625,0.6191430101562501,0.19778129569375003,0.0,End
AGA,0.0,0.3373943209,0.545729820875,0.11687585825,End
AGC,0.33618003272499997,0.0,0.213699097,0.45012087025,End
AGG,0.621901019575,0.25539706380000005,0.0,0.12270191659999999,End
AGT,0.25272701319999996,0.49295183845,0.25432114834999997,0.0,End
ATA,0.0,0.2385341711,0.4996094043,0.2618564246,End
ATC,0.1905679782,0.0,0.38113874165,0.428293280175,End
ATG,0.50641958125,0.301702842625,0.0,0.1918775761,End
ATT,0.147972386975,0.5327691909750001,0.31925842205,0.0,End
CAA,0.0,0.38758054088750005,0.45160734513125,0.16081211398125,End
CAC,0.20976105805,0.0,0.34214636964375,0.4480925723,End
CAG,0.5329856007,0.30210489725625,0.0,0.1649095020375,End
CAT,0.1862333370375,0.5000007326875,0.3137659302625,0.0,End
CCA,0.0,0.34372060079375,0.40629104604375,0.2499883531375,End
CCC,0.26643235223125,0.0,0.2584402838625,0.47512736394375,End
CCG,0.50753430138125,0.34194338035000005,0.0,0.15052231824375,End
CCT,0.1647405205,0.6084298008375,0.22682967865625,0.0,End
CGA,0.0,0.359944103925,0.5316164046125,0.10843949148125001,End
CGC,0.28647722161875,0.0,0.22727306984374998,0.48624970851875,End
CGG,0.5955571419874999,0.27860785451250003,0.0,0.12583500348124999,End
CGT,0.24457721170625,0.5157882271750001,0.2396345611375,0.0,End
CTA,0.0,0.271934636275,0.45962277269375,0.26844259103125,End
CTC,0.1606317310625,0.0,0.4280073723625,0.4113608965875,End
CTG,0.54600016021875,0.26939431159375,0.0,0.1846055281625,End
CTT,0.14469451231875,0.5277985123125001,0.32750697539374996,0.0,End
GAA,0.0,0.27222605773749997,0.5117510751875,0.21602286706249998,End
GAC,0.308499335325,0.0,0.29760725630624996,0.393893408375,End
GAG,0.5476602366375,0.26196875348750004,0.0,0.190371009875,End
GAT,0.23789680990625,0.5402713983875,0.22183179168125,0.0,End
GCA,0.0,0.250516891575,0.47585803761875,0.27362507080625,End
GCC,0.34447614893125,0.0,0.25210623139375,0.40341761968125,End
GCG,0.53915908575625,0.3154249278625,0.0,0.14541598636875,End
GCT,0.21155766196249998,0.6322722300250001,0.15617010800625,0.0,End
GGA,0.0,0.30785854035625,0.5680488734875,0.124092586175,End
GGC,0.27495389189999997,0.0,0.27180385191875,0.453242256175,End
GGG,0.5901510417749999,0.24283788740624998,0.0,0.1670110708125,End
GGT,0.26247167824375,0.47553454150625,0.26199378025625,0.0,End
GTA,0.0,0.24127427624375,0.485803250775,0.27292247296875,End
GTC,0.22051008170625,0.0,0.35646617676875003,0.423023741525,End
GTG,0.46684929386875,0.2980493126375,0.0,0.23510139349374998,End
GTT,0.14468059864375,0.54671813249375,0.3086012688625,0.0,End
TAA,0.0,0.31134378839375,0.46275003008750004,0.22590618153125,End
TAC,0.18752818631875,0.0,0.271358669125,0.54111314454375,End
TAG,0.4602571097875,0.34261681213125006,0.0,0.19712607809375,End
TAT,0.18454948109375,0.6183335438625,0.19711697506875,0.0,End
TCA,0.0,0.31899414250625,0.443810846625,0.2371950108625,End
TCC,0.20066435236875,0.0,0.2583368021375,0.5409988455,End
TCG,0.4705653879375,0.35364136293125,0.0,0.17579324911875,End
TCT,0.16338969188125,0.6536456561,0.182964652025,0.0,End
TGA,0.0,0.3373943209,0.545729820875,0.11687585825,End
TGC,0.33618003272499997,0.0,0.213699097,0.45012087025,End
TGG,0.621901019575,0.25539706380000005,0.0,0.12270191659999999,End
TGT,0.25272701319999996,0.49295183845,0.25432114834999997,0.0,End
TTA,0.0,0.2385341711,0.4996094043,0.2618564246,End
TTC,0.1905679782,0.0,0.38113874165,0.428293280175,End
TTG,0.50641958125,0.301702842625,0.0,0.1918775761,End
TTT,0.147972386975,0.5327691909750001,0.31925842205,0.0,End
